,init_value,est_value
ct_M321,0.847382008577817,3.741425877949864
ct_M322,0.5454634605834177,0.05471834447238963
degradD_byP5,0.009909527110307837,0.009909527110307837
degradP5,5527344.737115485,5527344.737115485
degradP5p,0.16138762883700505,0.16138762883700505
degradM2,0.11340918485415723,0.11340918485415723
degradP2,0.10318502178820262,0.10318502178820262
degradB2,0.08548786408821893,0.08548786408821893
degradK1,0.0010716373116666457,0.01709696438924913
degradN2,0.3060955140160362,0.4033760928396523
degradS1,0.04699074966476474,0.04699074966476474
