,init_value,est_value
sc_S,0.1829269351008356,0.03783085322917446
Km_S,0.11681849404713811,0.006621224759998647
KiP5_sc,0.820091705662203,0.011113251670627966
VmaxM2_byN2,0.0016773274646913884,0.029943323662353014
hillM2_byN2,2.0,9.999988682165897
KmM2_byN2,0.3486207377975443,0.9063471962721591
degradD_byP5,0.009909527110307837,0.009909527110307837
degradP5,7491846.22377516,5553966.152278537
degradP5p,0.16138762883700505,0.16138762883700505
degradM2,0.11487735823387027,0.11878839597026589
degradP2,0.10318502178820262,0.10318502178820262
degradB2,0.08548786408821893,0.08548786408821893
degradK1,0.02455192828244995,0.02455192828244995
degradN2,0.18675545260171636,0.18675545260171636
degradS1,0.04699074966476474,0.04699074966476474
