,init_value,est_value
sc_S,0.5283157461594392,0.04588309543637183
Km_S,0.3049890991529915,0.008932080931432844
VmaxM2_byN2,0.7009448426928209,0.03644501644529283
hillM2_byN2,2.0,9.99999999999946
KmM2_byN2,0.39443709807697,0.9134962472690151
degradD_byP5,0.009909527110307837,0.009909527110307837
degradP5,5527344.737115485,5527344.737115485
degradP5p,0.16138762883700505,0.16138762883700505
degradM2,0.6992592504635042,0.11954072201556726
degradP2,0.10318502178820262,0.10318502178820262
degradB2,0.08548786408821893,0.08548786408821893
degradK1,0.02455192828244995,0.02455192828244995
degradN2,0.18675545260171636,0.18675545260171636
degradS1,0.04699074966476474,0.04699074966476474
